{
  "nodes": [
    {
      "id": 1,
      "x": 245.37432554477707,
      "y": 196.5031374732666,
      "cardData": {
        "Attack": 0,
        "Defense": 0,
        "Attribute": 32,
        "Level": 1,
        "Type": 8,
        "Name": "源数之壁"
      },
      "index": 0,
      "vy": 0.00039143581467236866,
      "vx": 0.0004079967895358127
    },
    {
      "id": 2,
      "x": 596.6256744552229,
      "y": 533.4968625267334,
      "cardData": {
        "Attack": 0,
        "Defense": 1800,
        "Attribute": 4,
        "Level": 3,
        "Type": 16,
        "Name": "灰流丽"
      },
      "index": 1,
      "vy": -0.00039143581467236866,
      "vx": -0.0004079967895358127
    }
  ],
  "links": [
    {
      "source": 2,
      "target": 1
    }
  ]
}